id,entity,name_myv,name_mdf,name_deu,district_deu,region_deu,dialect,name_rus,district_rus,region_rus,coordinate,source
Mdf:Adaš,село,x,Адажвеле,Adaschewo,Insar,Pensa,mdf:SE,Адашево,Инсарский район,Мордовская АССР,"53.946710, 44.319669",(HP)
Myv:Af,село,Охонькино,x,Afonkino,Bugulma,Samara,myv:X,Мордовское Афонькино,Черемшанский район,Татарская АССР,"54.691027, 51.704656",(HP)
Myv:Aks,?село,x,x,Aksjonowo,Buguruslan,Samara,myv:X,Аксёнкино,Северный район,Оренбургский область,"53.992015, 53.102156",(HP)
Myv:NNO_Akuzovo,село,x,x,x,x,x,myv:X,Акузово,Сергачский район,Горьковская область,"55.4675, 45.634167",(Надькин_1968)
Mdf:Aleks,посёлок,x,aĺaks,Aljoksowo,Insar,Pensa,mdf:SE,Нагорное Алёксово,Ковылкинский район,Мордовская АССР,"54.016667, 44.216667",(HP)
Myv:OO_Aleksandrovka,село,x,x,x,x,x,myv:X,Александровка,Новосергиевский район,Оренбургская область,"52.047778, 53.919444",x
Myv:Alešk,село,aĺakśej-veĺe,x,Aljoschkino,Buguruslan,Samara,myv:Mixed,Алёшкино,Похвистневский район,Куйбышевский область,"53.867527, 52.184752",(HP)
Mdf:Alk,село,x,aĺt́e-v́iĺe,Alkino,Narowtschat,Pensa,mdf:Trans,Алькино,Ковылкинский район,Мордовская АССР,"53.816667, 43.961111",(HP)
Myv:Al,село,Алова,x,Alowo,Gorodischtsche,Pensa,myv:Mixed,Алово,Никольский район,Пензенская область,"53.560706, 46.148307",(HP)
Myv:Alt,село,Коряйкужо,x,Altyschewo,Alatyr,Simbirsk,myv:NW,Алтышево,Алатырский район,Чувашская АССР,"54.912547, 46.695677",(HP)
Myv:Andr,?село,x,x,Andrjowka,Chwalynsk,x,myv:X,Андреевка,Николаевский район,Уляновская область,"52.965495, 47.077829",(HP)
Mdf:An,село,x,ana·ju,Anajewo,Spassk,Tambow,mdf:W,Анаево,Зубово-Полянский район,Мордовская АССР,"54.236895, 42.564523",(HP)
Myv:Ating,село,at́iń-b́ijo,x,Atingejewo,x,Nishni-Nowgorod,myv:NW,Атингеево,Лукояновский район,Горьковская область,"55.037959, 44.236638",(HP)
Mdf:Atjur,село,x,at́əŕś,Atjurjewo,Krasnoslobodsk,Pensa,mdf:C,Атюрево,Атюрьевский район,Мордовской АССР,"54.320567, 43.341170",(HP)
Myv:Atr,село,atrać,x,Atrat,Alatyr,Simbirsk,myv:NW,Атрать,Алатырский район,Чувашская АССР,"55.008351, 46.669114",(HP)
Mdf:Avg,деревня,x,mokšəń aagaər,Awgur,Insar,Pensa,mdf:SE,Мордовская Авгура,Ковылкинский район,Мордовская АССР,"54.162363, 44.213443",(HP)
Myv:PO_Azrapino,село,Azrapkina,x,x,x,x,myv:X,Азрапкино,Шемышейский  район,Пензенская область,"55.008351, 46.669114",x
Myv:Bag,село,x,x,Bagana,Bugulma,Samara,myv:X,Багана,Шенталинский район,Куйбышевский область,"54.355511, 51.405616",(HP)
Mdf:Bajm,деревня,x,Мокшень Баймак,Baimak,Insar,Pensa,mdf:SE,Мордовское Баймаково,Рузаевский район,Мордовская АССР,"54.031560, 44.734349",(HP)
Myv:Ba,село,x,x,Bajewka,Chwalynsk,x,myv:X,Баевка,Николаевский район,Уляновская область,"53.091310, 47.255660",(HP)
Mdf:Bar,деревня,x,Бораж веле,Baraschewo,Temnikow,Tambow,mdf:C,Барашево,Атюрьевский район,Мордовской АССР,"54.484571, 43.268443",(HP)
Myv:NNO_Bechkusovo,село,x,x,x,x,x,myv:X,Вечкусово,Шатковский район,Нижегородская область,"55.2617, 44.452952",x
Myv:Beg,село,x,x,Begutsch,Petrowsk,x,myv:X,Бегуч,Камешкирский район,Пензенская область,"52.619264, 46.192917",(HP)
Myv:Bel,район,x,x,x,Belebej,x,myv:X,Белебеевский,x,Республика Башкортостан,"54.1, 54.133333",(HP)
Myv:Bokla,село,Эрзянь Бокла,x,Bokla,östl. Buguruslan,x,myv:X,Советское(бывш. село Мордовская Бокла),Бугурусланский район,Оренбургский область,"53.823548, 52.787387",(HP)
Myv:NNO_Bakšandino,село,bakšanda,x,x,x,x,myv:X,Бакшандино,Пильнинский район,Горьковская область,"55.511944, 46.115",(Надькин_1968)
Mdf:Bold,село,x,Болду,Boldowo,Insar,Pensa,mdf:SE,Болдово,Рузаевский район,Мордовская АССР,"53.986663, 44.640673",(HP)
Myv:SO_BoljshaâËga,село,Ёга веле,x,x,x,x,myv:X,Большая Ега,Похвистневский район,Самарский область,"53.557000,51.985166",x
Myv:SO_BolʹšojTolkaj,село,Покш Толкан веле,x,x,x,x,myv:X,Большой Толкай,Подхвистневский район,Самарский область,"53.476333,51.951000",x
Myv:SO_MalyjTolkaj,село,Вишка Толкан веле,x,x,x,x,myv:X,Малый Толкай,Подхвистневский район,Самарский область,"53.65,52.133333",x
Myv:Bug,район,x,x,x,x,x,myv:X,Bugulma u. Buguruslan,Бугульминский район,Татарской АССР:Бугурусланский район Оренбургская область,"54.533333, 52.866667",(HP)
Myv:Bugulma,район,x,x,x,Bugulma,Samara,myv:X,x,Шенталинский район,Куйбышевский область,"54.434722, 51.468056",(HP)
Myv:Bugur,район,x,x,x,Buguruslan,Samara,myv:X,x,Бугурусланский район,Оренбургский область,"53.616667, 52.416667",(HP)
Myv:Buinsk,район,x,x,x,Bui,x,myv:X,x,Буинский район,Татарской АССР,"55, 48.25",(HP)
Myv:Buz,район,x,x,x,Busuluk,x,myv:X,x,Бузулукский район,Оренбургская область,"52.783333, 52.25",(HP)
Myv:CHR_Studenec,село,x,x,x,x,x,myv:X,Студенец,Порецкий район,Чувашская Республика,"55.125833, 46.353056",x
Mdf:Cjatn,деревня,x,Цятна веле,Zjatnowka,Krasnoslobodsk,Pensa,mdf:C,Сейтяновка,x,x,"54.192443, 43.683276",(HP)
Mdf:Čemb,район,x,x,x,Tschembar,x,mdf:Trans,x,Белинский район,x,"52.966667, 43.416667",(HP)
Myv:Dav,село,x,x,Dawidowo,Korsun,x,myv:X,Давыдовка,Николаевский район,Ульяновский область,"53.065355, 47.161184",(HP)
Myv:Djurki,село,d́uŕḱina,x,Djurki,Alatyr,Simbirsk,myv:C,Дюрки,Атяшевский район,Мордовская АССР,"54.649479, 46.368178",(HP)
Myv:Drak,село,Дракина,x,Drakino,Spassk,Tambow,myv:Mixed,Дракино,Торбеевский район,Мордовская АССР,"54.046830, 43.260178",(HP|Якушкин_1961)
Myv:Dubr,село,x,x,Dubrowka,Petrowsk,Saratow,myv:Mixed,Дубровки,Камешкирский район,Пензенская область,"52.940267, 45.846706",(HP)
Myv:Dudn,деревня,dud́ńikova,x,Dudnikowo,Temnikow,Tambow,myv:Mixed,Дудниково,Теньгушевский район,Мордовская АССР,"54.801389, 42.698333",(HP|Якушкин_1963)
Myv:NNO_Gari,деревня,гарей,x,x,x,x,myv:X,Гари,Пильнинский район,Горьковская область,"55.513621, 45.770862",(Надькин_1968)
Myv:God,село,x,x,Godjaikino,Gorodischtsche,x,myv:X,Годяйкино,Инзенский район,Ульяновский область,"53.509560, 46.580801",(HP)
Myv:Gol,?населённый пункт,x,x,Golodjawka,Chwalynsk,Saratow,myv:X,x(рядом эрз. с. Барановка),Николаевский район,Уляновская область,"53.020278, 47.161667",(HP)
Mdf:Gor,район,x,x,x,Gorodischtsche,x,mdf:Mixed,x,Городищенский и Сосновоборский р-ны,Пензенский область,"53.266667, 45.700000",(HP)
Myv:Gor,район,x,x,x,Gorodischtsche,x,myv:Mixed,x,Городищенский и Сосновоборский р-ны,Пензенский область,"53.266667, 45.700000",(HP)
Myv:Gr,село,x,x,Gratschowka,Samara,x,myv:X,Грачёвка,"Кошкинский район",Куйбышевский область,"54.338333, 50.437778",(HP)
Mdf:Gumny,село,x,šongarńä,Gumny,Narowtschat,Pensa,mdf:C,Гумны,Ковылкинский район,Мордовская АССР,"54.021061, 43.734623",(HP)
Myv:MR_Guzyncy,село,Кузым веле,x,x,x,x,myv:X,Гузынцы,Большеберезниковский район,Мордовская АССР,"54.18811, 45.698618",(Цыганкин_1963)
Myv:MR_Degilevka,деревня,Дягиль веле,x,x,x,x,myv:X,Дегилёвка,Большеберезниковский район,Мордовская АССР,"54.158889, 45.681389",(Цыганкин_1963)
Myv:Hl,село,x,x,Chlystowka,Ardatow,x,myv:X,Отрадное(до 26. IV. 1940 Хлыстовка),Чамзинский район,Мордовская АССР,"54.434554, 45.671750",(HP|Марков_1963)
Myv:Hol,село,x,x,Cholstowka,Chwalynsk,x,myv:X,Холстовка,Павловский район,Уляновская область,"52.848754, 47.222521",(HP)
Myv:MR_Ichalki,село,icialo,x,x,x,x,myv:W,Ичалки,Ичалковский район,Мордовская АССР,"54.687222, 45.27",(Объедкин_1963)
Myv:MR_Ichalkovskij_Lobaski,село,Ламбаське,x,x,x,x,myv:W,Лобаски,Ичалковский район,Мордовская АССР,"54.62, 45.151944",(Объедкин_1963)
Myv:MR_Ichalkovskij_Kendâ,село,Кенде,x,x,x,x,myv:W,Кендя,Ичалковский район,Мордовская АССР,"54.733333, 45.05",(Объедкин_1963)
Myv:Idm,село,v́id́ma-v́eĺe,x,Idmanowo,Nishni-Nowgorod,x,myv:NW,Итманово,Гагинский район,Горьковская область,"55.145545, 44.744321",(HP)
Mdf:Ins,район,x,x,x,Insar,x,mdf:X,x,x,x,"53.866667, 44.366667",(HP)
Myv:Is,село,x,x,Issalky,Buguruslan,Samara,myv:X,Исаклы,x,x,"54.130768, 51.536770",(HP)
Myv:Ivanc,село,ivań-b́ijo,x,Iwanzewo,Lukojanow,Nishni-Nowgorod,myv:NW,Иванцево,x,x,"54.995085, 44.384303",(HP)
Mdf:MR_Ivanovka,село,x,x,x,x,x,mdf:X,Ивановка,Теньгушевский район,Мордовская АССР,"54.662778, 42.844167",x
Myv:Jeg,?деревня,x,x,Jegerowka,Samara,x,myv:X,Новоегорьевка,x,x,"53.492287, 53.838460",(HP)
Mdf:Jožka,село,x,jožka,Joshka (Jeshowka),Krasnoslobodsk,Pensa,mdf:C,Ежовка,x,x,"54.084907, 43.712426",(HP)
Mdf:MR_Jožka,село,ёжка,x,x,x,x,mdf:X,Ежовка,Ковылкинский район,Республика Мордовия,"54.084108, 43.710915",x
Mdf:Jurtk,село,x,x,Mordowskije Jurtkuli,Spassk,Kasan,mdf:Mixed,Базарно-Мордовксий Юрткуль,x,x,"54.779546, 49.442626",(HP)
Myv:Kad,район,x,x,Kadom,?,?,myv:Mixed,Кадом,Теньгушевский район,x,"54.566667, 42.466667",(HP)
Mdf:TO_Kalinovka,село,x,x,x,x,x,mdf:X,Калиновка,Сорокинский район,Тюменсая область,"56.841000, 69.420833",x
Myv:Kal,деревня,koĺaj-v́eĺe,x,Kaljajewo,Temnikow,Tambow,myv:Mixed,Коляево,x,x,"54.610094, 42.636631",(HP)
Myv:NNO_Kamenka,село,kaminka,x,x,x,x,myv:X,Каменка,Пильнинский район,Горьковская область,"55.504, 46.07",(Надькин_1968)
Mdf:Kanguž,село,x,kańf-ḱužə,Kangush,Krasnoslobodsk,Pensa,mdf:C,Каньгуши,x,x,"54.533728, 43.792825",(HP)
Myv:Karaguž,?село,x,x,Karagush,Chwalynsk,x,myv:X,Мордовская Карагужа,x,x,"52.826695, 48.172121",(HP)
Mdf:Kard,село,x,Кардаф ляй,Kardaflej,Gorodischtsche,Pensa,mdf:Mixed,Кардафлей,x,x,"53.331139, 46.021087",(HP)
Myv:Kard,село,x,x,Kardaflej,Gorodischtsche,Pensa,myv:Mixed,Кардафлей,x,x,"53.331139, 46.021087",(HP)
Mdf:Kars,село,x,kaʀca·jka,Karsajewka,Tschembar,Pensa,mdf:Trans,Корсаевка,x,x,"52.990231, 43.220338",(HP)
Myv:Kas,губерня,x,x,x,x,Kasan,myv:X,x,x,x,"55.790833, 49.114444",(HP)
Mdf:Katm,село,x,kat́ḿi·s,Katmis,Gorodischtsche,Pensa,mdf:Mixed,Нижний Катмис,x,x,"53.251493, 46.007568",(HP)
Myv:Kažl,село,kažli͔tka,x,Kashlodka,Spassk,Tambow,myv:Mixed,Кажлодка,Торбеевский район,Мордовская АССР,"54.007194, 43.168146",(HP|Якушкин_1961)
Myv:MR_Majskij,посёлок,x,x,x,x,x,myv:Mixed,Майский,Торбеевский район,Мордовская АССР,"54.023056, 43.073333",(Якушкин_1961)
Mdf:Kašt,село,x,śiŕə kašta·ŋka,Kaschtanowka,Tschembar,Pensa,mdf:Trans,Старая Каштановка,x,x,"52.994719, 43.267679",(HP)
Mdf:Ker,деревня,x,ḱerata,Kerata,Krasnoslobodsk,Pensa,mdf:C,Керетино,x,x,"54.179856, 43.748996",(HP)
Myv:Kirdž,село,Верьгизума,x,Kirdshamany,Petrowsk,Saratow,myv:Mixed,Каржимант,x,x,"52.780229, 45.532341",(HP)
Myv:NNO_Kislënka,село,kislënka,x,x,x,x,myv:X,Кислёнка,Пильнинский район,Горьковская область,"55.512778, 45.953611",(Надькин_1968)
Mdf:Kiš,?село,x,x,Kischaly,Temnikow,Tambow,mdf:C,Кишалы,x,x,"54.375135, 43.200782",(HP)
Mdf:PO_Kizhevatovo,село,x,x,x,x,Pensa,mdf:X,Кижеватово,x,x,"53.213889, 45.290278",x
Myv:Kl,село,x,x,Kljawlina,Bugulma,Samara,myv:X,Клявлино,Шенталинский район,Куйбышевский область,"54.298232, 52.006167",(HP)
Mdf:MR_Klopinka,др.,x,x,x,x,Pensa,mdf:C,Клопинка,Атюрьевский район,x,"54.436333, 43.276677",x
Myv:Kob,село,Кобале,x,Kobajewo,x,x,myv:SE,Кабаево,Дубёнский,Мордовия,"54.525698, 46.474162",(HP|Цыганкин_1963)
Mdf:Korino,село,x,Мокшень Кара веле,Korino,Krasnoslobodsk,Pensa,mdf:C,Мордовское Корино,x,x,"54.682414, 43.649894",(HP)
Myv:Korino,село,koŕina,x,Korino,x,x,myv:NW,Корино,x,x,"55.148879, 44.056220",(HP)
Myv:Korov,село,x,x,Korowino,Buguruslan,Samara,myv:X,Коровино,Бугурусланский район,Оренбургский область,"53.826386, 53.048464",(HP)
Myv:Kos,село,gosagᴉ͐r,x,Kossogory,x,x,myv:SE,Косогоры,x,x,"54.212040, 45.779665",(HP|Цыганкин_1963)
Myv:MR_Kozlovka,село,kozlovka,x,x,x,x,myv:C,Козловка,Атяшевский район,Мордовская АССР,"54.701667, 45.908333",x
Myv:Kozl,село,x,x,Koslowka,Bugulma,Samara,myv:X,Козловка,Шенталинский район,Куйбышевский область,"53.742016, 51.350989",(HP)
Myv:Kočk,село,kočkur-v́eĺe,x,Kotschkurowo,Saransk,Pensa,myv:W,Кочкурово,x,x,"54.037297, 45.433868",(HP)
Mdf:Kr,район,x,x,x,Krasnoslobodsk,x,mdf:X,x,x,x,"54.433333, 43.783333",(HP)
Mdf:Kuld,село,x,kuldi͔·m,Kuldym,Insar,Pensa,mdf:C,Кулдым,x,x,"54.418217, 44.601920",(HP)
Myv:Kulik,?село,x,x,Kulikowka,Samara,x,myv:X,Куликовка,x,x,"54.199722, 52.5525",(HP)
Mdf:Kul,село,x,od v́eĺə,Kulikowka,Insar,Pensa,mdf:SE,Куликовка,x,x,"54.064763, 44.552953",(HP)
Mdf:MR_Kul,село,x,x,Kulikowka,Ruzaevka,Mordovia,mdf:X,Куликовка,x,x,"54.068056,44.5525",x
Myv:Kur,село,kuraj-v́eĺe,x,Kurajewo,x,x,myv:Mixed,Кураево,Теньгушевский район,Мордовская Республика,"54.712778, 42.635556",(HP|Якушкин_1963)
Myv:Kut,село,x,x,Kutuschi,Tschistopol,x,myv:X,Старые Кутуши,x,x,"54.695918, 51.116044",(HP)
Myv:Kuz,село,kuzajḱina,x,Kusaikino,x,x,myv:Trans,Кузайкино,x,x,"54.605902, 52.240429",(HP)
Mdf:Leb,село,x,x,Lebeshaika,x,x,mdf:Mixed,Нижняя Лебежайка,Хвалынский район,Саратовский обл.,"52.708115, 48.092315",(HP)
Myv:Leb,село,x,x,Lebeshaika,x,x,myv:Mixed,?Малая Лебежайка:Старая Лебежайка,Хвалынский район,Саратовский обл.,"52.684708, 47.867386",(HP)
Mdf:Lemd,село,x,ĺəmd́e·j,Lemdjai,Insar,Pensa,mdf:C,Лемдяй,x,x,"54.342623, 44.713544",(HP)
Mdf:Levši,село,x,ĺevža,Lewsha,Saransk,Pensa,mdf:C,Левжа,x,x,"54.084532, 45.009530",(HP)
Mdf:MR_Lopatino,село,x,x,x,x,x,mdf:X,Лопатино,Торбеевский район,Мордовская АССР,"54.001333, 43.109833",x
Mdf:MR_Torbeev,район,x,x,Торбеев,x,x,mdf:X,x,Торбеевский район,Мордовская АССР,"54.001333, 43.109833",x
Myv:MKka,?село,x,x,Malaja Karmalka,Bugulma,Samara,myv:X,Мордовская Кармалка,Шенталинский район,Куйбышевский область,"54.620480, 51.834813",(HP)
Myv:MKly,село,Цярмунь,x,Malyje Karmaly,Buinsk,x,myv:X,Малые Кармалы,x,x,"55.159846, 47.213313",(HP)
Myv:MR_Ardatova,село,Орданьбуе,x,x,x,x,myv:X,Ардатова,Дубёнский район,Мордовская Республика,"54.404722, 46.321111",x
Myv:MR_Atâševo_Alovo,село,Аловеле,x,x,x,x,myv:X,Алово,Атяшевский район,Мордовская Р,"54.625999,46.357667",x
Myv:MR_Atâševo_Batuševo,село,Ботужале,x,x,x,x,myv:C,Батушево,Атяшевский район,Мордовская Республика,"54.5752778,46.136945",x
Myv:MR_Atâševo_Sabančeevo,село,Сабанцеле,x,x,x,x,myv:X,Сабанчеево,Атяшевский район,Мордовская Республика,"54.585,46.28",x
Myv:MR_Čindânovo,село,Кенде,x,x,x,x,myv:X,Чиндяново,Дубёнский район,Мордовская Республика,"54.463889, 46.393333",(Цыганкин_1963)
Mdf:MR_Junki,село,Ювня,x,x,x,x,mdf:X,Юнки,Торбеевский район,Мордовская Республика,"54.146111, 43.460278",x
Myv:MR_Kečuševo,село,Кеченьбие,x,x,x,x,myv:X,Кечушево,x,Мордовская Республика,"54.750000,46.116667",x
Mdf:MR_Kishaly,село,Кешал,x,x,x,x,mdf:X,Кишалы,Атюрьевский район,Мордовская Республика,"54.375, 43.200833",x
Mdf:MR_Kolenovo,село,Коленова,x,x,x,x,mdf:X,Коленово,Атюрьевский район,Мордовская Республика,"54.333333,43.416667",x
Mdf:MR_Krasnyj,село,Краснай,x,x,x,x,mdf:X,Красный,Старошайговский район,Мордовская Республика,"54.418056,44.47",x
Myv:MR_Kulâsovo,село,Кулязбуе,x,x,x,x,myv:X,Кулясово,Атяшевский район,Мордовская Республика,"54.563611,46.066944",x
Myv:MR_Mokshalej,село,x,x,x,x,x,myv:C,x,Чамазинский район,Мордовская Республика,"54.255024,45.626703",x
Mdf:MR_MordKozlovka,село,Каргоньшяй,x,x,x,x,mdf:X,Мордовская Козловка,Атюрьевский район,Мордовская Республика,"54.462168,43.310617",x
Myv:MR_Morga,село,Морго,x,x,x,x,myv:X,Морга,Дубёнский район,Мордовская Республика,"54.403333, 46.443333",(Цыганкин_1963)
Myv:MR_Muranj,село,Мурань,x,x,x,x,myv:X,Мурань,Кочкуровский район,Мордовская Республика,"54.041893, 45.562043",(Цыганкин_1963)
Myv:MR_NMuravjevka,село,Кельме Пора,x,x,x,x,mdf:X,Новая Муравьевка,Рузаевский район,Мордовская Республика,"53.997778,44.705",x
Myv:MR_NTurdaki,село,Од Мурза,x,x,x,x,myv:X,Новые Турдаки,Кочкуровский район,Мордовская Республика,"53.901833,45.353000",(Объедкин_1961)
Myv:MR_NTâglovki,деревня,x,x,x,x,x,myv:X,Ново-Тягловки,x,Мордовская Республика,"_",(Объедкин_1961)
Myv:MR_Petrovka,село,Петровка,x,x,x,x,myv:X,Петровка,x,Мордовская Республика,"54.973333,45.484167",x
Myv:MR_Piksâsi,село,Пиксясь,x,x,x,x,myv:X,Пиксяси,x,Мордовская Республика,"54.653000,46.304167",x
Myv:MR_Pilesevo,село,Пилезеле,x,x,x,x,myv:X,Пилесево,Атяшевский район,Мордовская Республика,"54.712778,45.946111",x
Myv:MR_Povodimovo,село,Поваделе,x,x,x,x,myv:X,Поводимово,Дубёнский район,Мордовская Республика,"54.466667,46.316667",x
Myv:MR_Sabaevo,село,Сурвеле,x,x,x,x,myv:X,Сабаево,x,Мордовская Республика,"53.989666,45.718999",(Цыганкин_1963|Объедкин_1963)
Myv:MR_Sabančeevo,село,Сабанцеле,x,x,x,x,myv:X,Сабанчеево,Атяшевский район,Мордовская Республика,"54.585,46.28",x
Mdf:J_Moksha,x.,Мокша,x,x,x,x,mdf:X,Мокша,x,Журнал,"54.183333,45.183333",x
Myv:J_Sjatko,x.,Сятко,x,x,x,x,myv:X,Сятко,x,Журнал,"54.183333,45.183333",x
Myv:MR_Semilej,село,Симилей,x,x,x,x,myv:X,Семилей,x,Мордовская Республика,"53.939866,45.335499",x
Myv:MR_Šug,село,Чугурвеле,x,Schugurowo,x,x,myv:X,Шугурово,Большеберезниковский район,Мордовская Республика,"54.266111,46.093333",x
Myv:MR_StNajmany,село,Ташто Найман,x,x,x,x,myv:X,Старые Найманы,Большеберезниковский район,Мордовская Республика,"54.266667,45.933333",x
Myv:MR_StTurdaki,село,Ташто Мурза,x,x,x,x,myv:X,Старые Турдаки,x,Мордовская Республика,"53.916667,45.466667",(Объедкин_1961|Цыганкин_1963|Объедкин_1963)
Mdf:MR_Mamangino,село,x,x,x,x,x,mdf:X,Мамангино,Ковылкинский район,x,"54.187333, 43.653500",x
Mdf:Mam,село,x,malav,Mamalajewo,Krasnoslobodsk,Pensa,mdf:C,Мамолаево,Ковылкинский район,Мордовская Республика,"54.297639, 43.962688",(HP)
Mdf:Mann,?район,x,x,Mannila,Tschembar,x,mdf:Trans,x,Белинский район,x,"52.966667, 43.416667",(HP)
Myv:Mar,село,Вишка веле,x,Maressewo,Ardatow,x,myv:C,Малое Маресево,Чамзинский район,Мордовская Республика,"54.310940, 45.594989",(HP|Марков_1963)
Mdf:MR_Maskino,село,x,x,x,x,x,mdf:X,Мордовско-Маскинские Выселки,Ельниковский район,x,"54.506667, 43.958333",x
Myv:MdBugur,?село,Эрзянь Бруслан,x,Mordowski Buguruslan,Buguruslan,Samara,myv:X,Мордовский Бугуруслан,x,x,"53.793332, 52.518018",(HP)
Mdf:MdJurtk,село,x,x,Mordowskije Jurtkuli,x,x,mdf:Mixed,Подлесно-Мордовский Юрткуль,x,x,"54.748421, 49.475487",(HP)
Myv:Melc,село,ḿeĺćid-v́eĺe,x,Melsetjewo,x,x,myv:Mixed,Мельсетьево,x,Мордовская Республика,"54.754932, 42.427790",(HP|Якушкин_1963)
Myv:MR_PolârnaâZvezda,упразднёный посёлок,x,x,x,x,x,myv:Mixed,Полярная Звезда,Теньгушевский район,Мордовская Республика,"54.719722, 42.557778",(Якушкин_1963)
Myv:MR_Vâžga,посёлок,x,x,x,x,x,myv:Mixed,Вяжга,Теньгушевский район,Мордовская Республика,"54.695833, 42.733889",(Якушкин_1963)
Myv:MR_Šelubej,посёлок,x,x,x,x,x,myv:Mixed,Шелубей,Теньгушевский район,Мордовская Республика,"54.697222, 42.712222",(Якушкин_1963)
Myv:MR_Mokšanka,посёлок,x,x,x,x,x,myv:Mixed,Мокшанка,Теньгушевский район,Мордовская Республика,"54.689448, 42.661209",(Якушкин_1963)
Myv:MR_Bereznâk,посёлок,x,x,x,x,x,myv:Mixed,Березняк,Теньгушевский район,Мордовская Республика,"54.693889, 44.678889",(Якушкин_1963)
Myv:MR_Tengushevo_Baevo,деревня,x,x,x,x,x,myv:Mixed,Баево,Теньгушевский район,Мордовская Республика,"54.751944, 42.715556",(Якушкин_1963)
Myv:NNO_Bodâgino,посёлок,x,x,x,x,x,myv:Mixed,Бодягино,Городецкий район,Нижегородская область,"56.792952, 43.598043",(Якушкин_1963)
Myv:Mečk,село,mačka·s,x,Matschkassy,x,x,myv:Mixed,Мачкасы,x,x,"52.769067, 45.575864",(HP)
Mdf:MR_Pushkino,село,mogilovka,x,x,x,x,mdf:X,Пушкино,x,Мордовская Республика,"54.048179, 44.795245",x
Myv:Myv,село,nuval,x,Mywal,x,x,myv:Mixed,Нижний Мывал,x,x,"53.419379, 46.167998",(HP)
Myv:NBajt,село,Од Байтерьмиш,x,Nowy Baitermisch,Buguruslan,Samara,myv:X,x,x,x,"54.136666,51.738999",(HP)
Myv:NNO_Novaâ_Berezëvka,деревня,од веле,x,x,x,x,myv:X,Новая Березёвка,Сергачский район,Горьковская область,"55.481111, 45.696944",(Надькин_1968)
Myv:NDemk,село,x,x,Nowoje Djomkino,Petrowsk,x,myv:X,x,x,x,"52.630556, 45.043889",(HP)
Myv:NIvanc,село,Од веле,x,Nowoje Iwanzewo,x,x,myv:SW,Новое Иванцево,x,x,"55.203493, 44.572383",(HP)
Myv:NPyrma,село,Од Пурня,x,Nowoja Pyrma,Saransk,Pensa,myv:W,Новая Пырма,x,x,"54.012665, 45.455580",(HP)
Myv:NSurk,село,Од Суркина,x,Nowoje Surkino,Bugulma,Samara,myv:X,x,Шенталинский район,Куйбышевский область,"54.298889,51.565833",(HP)
Myv:Najman,деревня,x,x,Naiman,Chwalynsk,x,myv:X,Найман,x,x,"52.865283, 47.215532",(HP|Цыганкин_1963)
Mdf:Nal,село,x,x,Naletkino,Spassk,x,mdf:X,Налеткино,x,x,"54.574722, 49.763611",(HP)
Myv:MR_NapolʹnaâTavla,село,Пакся Тавла,x,x,x,x,myv:X,Напольная Тавла,x,Мордовия,"54.095861,45.446133",x
Myv:CHR_Napolʹnoe,село,Алвеле,x,x,x,x,myv:X,Напольное,x,Чувашия,"55.125833,46.353056",x
Mdf:Nar,село(г.),x,x,Narowtschat,x,x,mdf:SE|Trans,Наровчат,x,x,"53.883431, 43.695771",(HP)
Myv:Nask,село,naska·ftə̑m,x,Naskaftym,x,x,myv:Mixed,Наскафтым,x,x,"52.950371, 45.631515",(HP)
Myv:Naumk,село,x,x,Naumkino,Petrowsk,x,myv:X,Наумкино,Шемышейский район,Пензенская область,"52.876215, 45.297638",(HP)
Myv:NNO_Navaty,село,navadvele,x,x,x,x,myv:X,Наваты,Пильнинский район,Горьковская область,"55.448, 46.277",(Надькин_1968)
Myv:Naz,село,x,x,Nasimkino,Petrowsk,x,myv:X,Назимкино,x,x,"52.876944, 45.271667",(HP)
Myv:Nikit,село,x,x,Nikitino,x,x,myv:X,x,x,x,"53.094444, 47.081111",(HP)
Myv:Nor,село,norad-v́eĺe,x,Norowatowo,x,x,myv:Mixed,Нароватово,x,x,"54.728280, 42.692748",(HP|Якушкин_1963)
Myv:Nujk,село,Нуявеле,x,Nuikino,Buguruslan,Samara,myv:X,Нойкино,Бугурусланский район,Оренбургский область,"53.788666,52.719999",(HP)
Myv:NŠant,село,Од Шантала,x,Nowaja Schantala,Bugulma,Bugulma|Buguruslan,myv:Mixed,Новая Шентала,x,x,"54.338298, 51.521211",(HP)
Myv:Ork,село,x,x,Orkino,x,x,myv:Mixed,Оркино,x,x,"52.049484, 45.572972",(HP)
Myv:Oz,село,oźorka,x,Osjorkino,x,x,myv:Mixed,Озёркино,x,x,"53.488248, 46.461971",(HP)
Myv:P_Piksankino,село,x,x,x,x,x,myv:X,Пиксанкино,Шемышейский район,Пензенская область,"52.884500,45.684666",x
Mdf:P,губерня,x,x,x,x,Pensa,mdf:X,Пенза,x,Пензенская область,"53.166667, 44.566667",(HP)
Mdf:Pal,село,x,Цифтамаз:Полай веле,Palajewka,Insar,Pensa,mdf:SE,Палаевка,x,x,"53.937043, 44.738464",(HP)
Mdf:Pa,село,x,Пой веле,Pajowa,Insar,Pensa,mdf:SE,Паёва,x,x,"54.016667, 44.216667",(HP)
Mdf:Patra,деревня,x,Патра веле,Patra,Krasnoslobodsk,Pensa,mdf:SE,Патра,x,x,"54.292132, 44.257802",(HP)
Mdf:Patroka,деревня,x,x,Patroka,Gorodischtsche,x,mdf:X,x,x,x,"53.266667, 45.7",(HP)
Myv:PavlN,село,x,x,Pawluschkino,Buguruslan,Samara,myv:X,Нижнепавлушкинский сельсовет,Бугурусланский район,Оренбургская область,"53.888056, 52.991111",(HP)
Myv:PavlV,село,pavluška,x,Pawluschkino,Buguruslan,Samara,myv:X,Верхнепавлушкино,Бугурусланский район,Оренбургская область,"53.925, 53.029167",(HP)
Myv:Penza,область(город и область.),x,x,x,x,Pensa,myv:X,x,x,x,"53.25, 44.566667",(HP)
Mdf:Perchl,село,x,piŕʿt́ĺäj,Perchljai,Insar,Pensa,mdf:C,Перхляй,x,x,"54.186221, 44.909683",(HP)
Myv:Petr,район,x,x,x,Petrowsk,x,myv:X,x,x,Саратовская область,"52.316667, 45.383333",(HP)
Mdf:Pimb,село,x,mokšəń ṕimbur,Mordowskij Pimbur,x,x,mdf:W,Мордовский Пимбур,x,x,"53.855622, 43.144089",(HP)
Mdf:MR_Pishlja,село,x,x,x,x,x,mdf:X,Татарскя Пишля,Рузаевский район,x,"54.506500, 44.918667",x
Myv:Pičel,село,x,x,Pitschelejka,x,x,myv:Mixed,Пичилейка,x,x,"53.366535, 46.069363",(HP)
Mdf:Pičep,деревня,x,pič-pulńä·,Pitschepolonka,x,x,mdf:C,Пичеполонга,x,x,"54.411704, 43.222503",(HP)
Myv:Pičeury,село,x,x,x,Pitscheury,x,myv:X,x,Павловский район,Ульяновская область,"52.870556, 47.062778",(HP)
Myv:OO_Platovka,село,x,x,x,x,x,myv:X,Платовка,Новосергиевский район,Оренбургская область,"51.974722, 53.911389",x
Mdf:Pläj,село,x,x,Perchljaj,Insar,x,mdf:X,x,x,x,"54.183333, 44.916667",(HP)
Mdf:MR_Poljana,село,x,poljana,x,x,x,mdf:W,x,Зубово-Полянский район,Мордовская АССР,"53.954166, 42.825999",x
Mdf:MR_Poshaty,село,Сире Мокшень Пашат,pashat,x,x,x,mdf:X,Большие Мордовские Пошаты,Ельниковский район,Мордовская АССР,"54.659661, 43.703171",x
Mdf:Prol,населённый пункт,x,x,Prolejka,Samara,x,mdf:X,x,x,x,"53.9275, 50.246389",(HP)
Mdf:MR_Promzino,село,x,paranza,x,x,x,mdf:W,x,Зубово-Полянский район,Мордовская АССР,"54.253000, 42.634333",x
Mdf:Pronk,село,x,x,Pronkino,Buguruslan,Samara,mdf:X,x,x,x,"53.770833, 52.598333",(HP)
Mdf:Pš,село,x,śiŕə pšeń,Staroje Pschenewo,x,x,mdf:SE,Старое Пшенёво,x,x,"54.105637, 44.216561",(HP|Чудаева_1963)
Myv:PO_Pylkovo,село,x,x,x,x,x,myv:X,x,Лопатинский район,Пензенская область,"52.687514;45.869452",x
Myv:Rem,?село,Покш Эрьмезёнка:Вишка Эрьмезёнки,x,Remesjonki,x,x,myv:X,Большие ремезёнки:Малые Ремезёнки,Дубёнский район:Чамзинский район,x,"54.333056, 45.586389",(HP)
Myv:MR_BRem,?село,Покш Эрьмезёнка,x,Remesjonki,x,x,myv:X,Большие Ремезёнки,Чамзинский район,x,"54.369691, 45.562221",(Цыганкин_1963)
Myv:MR_MRem,?село,Вишка Эрьмезёнка,x,Remesjonki,x,x,myv:X,Малые Ремезёнки,Чамзинский район,x,"54.333056, 45.586389",x
Mdf:OO_Rybkino,село,x,x,x,x,x,mdf:X,x,Новосергиевский район,Оренбургская область,"51.857778, 53.963611",x
Myv:CHR_Ryndino,село,x,x,x,x,x,myv:X,Рындино,Порецкий район,Чувашия,"55.082396, 46.310291",x
Myv:Sab,село,saban-v́äĺe,x,Sabanowo,x,x,myv:Mixed,Сабаново,x,x,"53.565653, 46.095360",(HP)
Myv:Sak,село,sokav,x,Sakajewo,x,x,myv:Mixed,Сакаево,x,x,"54.755945, 42.597868",(HP|Якушкин_1963)
Mdf:Sal,село,x,salazǵäŕǵä,Salasgor,x,x,mdf:Trans,Салазгорь,x,x,"54.121872, 43.154446",(HP)
Myv:Samara,губерня,x,x,x,x,Samara,myv:X,x,x,x,"53.183333, 50.116667",(HP)
Mdf:Sam,село,x,v́iŕ somaj,Samawka,x,x,mdf:C,Старая Самаевка,x,x,"54.220121, 43.679045",(HP)
Myv:Sam,село,x,x,Samsinka,x,x,myv:X,Высокий Колок,Новомалыклинский район,x,"54.075833, 50.099167",(HP)
Myv:Samz,село,x,x,Samsinka,x,x,myv:X,Высокий Колок,Новомалыклинский район,x,"54.075833, 50.099167",(HP)
Mdf:MR_NSindrovo,село,x,od sindru,x,x,x,mdf:C,Новое Синдрово,x,x,"54.345, 44.09",x
Mdf:Sandr,село,x,śiŕə v́eĺä,Staroje Sindrowo,x,x,mdf:C,Старое Синдрово,x,x,"54.417420, 44.113200",(HP)
Myv:Sap,село,x,x,Saposhkino,Buguruslan,Samara,myv:X,Сапожкино,Бугурусланский район,Оренбургская область,"53.943333, 52.9175",(HP)
Mdf:Sarat,губерня,x,x,x,x,Saratow,mdf:X,x,x,x,"51.533333, 46",(HP)
Myv:Sarat,губерня,x,x,x,x,Saratow,myv:X,x,x,x,"51.533333, 46",(HP)
Mdf:MR_Sarga,село,x,sarga,x,x,x,mdf:C,Старое Шайгово,x,x,"54.366667, 44.483333",x
Mdf:Sar,район,x,x,x,Saransk,x,mdf:X,x,x,x,"54.183333, 45.183333",(HP)
Myv:Sar,район,x,x,x,Saransk,x,myv:X,x,x,x,"54.183333, 45.183333",(HP)
Mdf:Saz,село,x,od sazan-v́eĺä,Sasonowka,x,x,mdf:C,Старая Сазоновка,x,x,"54.127154, 43.722766",(HP)
Myv:Seledba,село,x,x,Seledba,Samara,x,myv:X,Мордовская Селитьба,Сергиевский район,Самарская область,"53.828611, 50.711944",(HP)
Mdf:Seliksa,село,x,x,Seliksa,x,x,mdf:SE,Кижеватово,Пензенский район,Пензенский Область,"53.214221, 45.294422",(HP)
Mdf:Sel,село,x,v́iĺ-eźəm,Selischtsche,Spassk,Tambow,mdf:W,Покровские Селищи,Зубово-Полянский район,Мордовия,"53.999822, 43.000987",(HP)
Mdf:Senk,село,x,x,Senkino,Bugulma,Samara,mdf:X,Сенькино,Шенталинский район,Куйбышевский область,"54.366111, 51.646944",(HP)
Myv:Serman,село,x,x,Serman,Gorodischtsche,x,myv:X,x,x,x,"53.560833, 46.361667",(HP)
Mdf:Simb,район:губерня,x,x,x,Simbirsk,x,mdf:X,x,x,x,"54.316667, 48.366667",(HP)
Myv:Simb,район:губерня,x,x,x,Simbirsk,x,myv:X,x,x,x,"54.316667, 48.366667",(HP)
Mdf:Sind,село,x,od v́eĺä,Sindrowo,x,x,mdf:C,Новое Синдрово,x,x,"54.343153, 44.087455",(HP)
Myv:Sin,село,x,x,Sinenkije,x,x,myv:Mixed,Синенькие,x,x,"52.324124, 45.578155",(HP)
Myv:MR_Syresi,село,Сырезеле,x,x,x,x,myv:X,Сыреси,Атяшевский район,Мордовская Республика,"54.568341, 46.4473",x
Myv:Sir,село,x,x,Syressewo,Alatyr,x,myv:X,Сыреси,Порецкий район,Чувашская Республика,"55.2375, 46.409722",(HP)
Mdf:Sjarda,деревня,x,śarda,Sjarda,x,x,mdf:Trans,Сярда,x,x,"53.029697, 43.329303",(HP)
Myv:Skaftym,?населённый пункт,x,x,Skaftym,(Kusnezk),(Saratow),myv:Mixed,x,Кузнецк,Пензенский область,"53.116667, 46.6",(HP)
Mdf:Skolp,?село,x,kolapa,Skolpino,x,x,mdf:C,Колопино,x,x,"54.358749, 44.151289",(HP)
Myv:Sl,?село,x,x,Mordowskoje Slawkino,Chwalynsk,x,myv:X,x,x,x,"52.958056, 47.175556",(HP)
Myv:Sob,?населённый пункт,x,x,Sobakino,Gorodischtsche,x,myv:X,x,x,x,"53.4425, 46.5625",(HP)
Mdf:Som,село,x,somazĺäj,Somasljai,x,x,mdf:C,Самозлейка,x,x,"54.310946, 43.893131",(HP)
Mdf:Sp,район,x,x,x,Spassk,x,mdf:X,x,x,x,"54.966667, 49.033333",(HP)
Myv:StDemk,село,x,x,Staroje Djomkino,Petrowsk,x,myv:X,x,x,x,"52.915833, 45.171944",(HP)
Myv:NNO_Staraâ_Berezëvka,деревня,ташто веле,x,x,x,x,myv:X,Старая Березёвка,Сергачский район,Горьковская область,"55.494444, 45.728611",(Надькин_1968)
Myv:StIvanc,село,Ташто веле,x,Staroje Iwanzewo,x,x,myv:NW,Старое Иванцево,x,x,"55.227145, 44.575806",(HP)
Myv:StJeks,село,Ташто Яксярксь,x,Staraja Jaksarka,x,x,myv:Mixed,Старая Яксарка,x,x,"53.025202, 45.428145",(HP)
Myv:StKut,село,x,x,Staryje Kutuschi:Kutuschewo,x,x,myv:X,x,Черемшанский район,x,"54.695, 51.111389",(HP)
Myv:StLeb,село,x,x,Staraja Lebeshaika,x,x,myv:Mixed,Старая Лебежайка,x,x,"52.684708, 47.867386",(HP)
Myv:StMokl,село,x,x,Stary Moklausch,Bugulma,Samara,myv:X,x,Шенталинский район,Куйбышевский область,"54.458611, 47.455556",(HP)
Mdf:StPichur,село,x,Сире Пяцёра,x,x,x,mdf:X,x,Торбеевский район,x,"54.003000, 43.471000",(HP)
Myv:StSed,село,x,x,Staroje Sedelkino,x,x,myv:Mixed,Сиделькино,x,x,"54.537698, 51.113744",(HP)
Myv:StSosni,село,Ташто Сосна,x,Staryje Sosni,Buguruslan,Samara,myv:X,x,x,x,"54.145278, 52.027222",(HP)
Myv:StZach,село,x,x,Staroje Sacharkino,Petrowsk,x,myv:X,x,x,x,"52.892833,45.242666",(HP)
Myv:Standr,село,x,x,Standrowo,x,x,myv:Mixed,Стандрово,x,x,"54.642155, 42.659735",(HP|Якушкин_1963)
Myv:Stavr,район,x,x,x,Stawropol,x,myv:X,x,x,x,"53.673333, 49.565833",(HP)
Myv:Sterl,район,x,x,x,Sterlitamak,x,myv:X,x,x,x,"53.633333, 55.95",(HP)
Myv:StŠant,село,Ташто Шентала,x,Staraja Schantala,x,x,myv:Mixed,Старая Шентала,x,x,"54.392433, 51.488315",(HP)
Myv:StŠkud,село,škud́im,x,Staraja Schkudym,x,x,myv:Mixed,Шкудим,x,x,"53.373729, 46.443035",(HP)
Myv:SuhKarb,село,Арчилово,x,Suhoi Karbulak,Saratow,x,myv:X,x,x,x,"52.006667″,46.852167",(HP)
Myv:Sulli,село,x,x,Sulli,Belebej,Ufa,myv:X,x,x,x,"54.183333,53.566667",(HP)
Myv:Surk,село,x,x,Surkino,Bugulma,Samara,myv:X,x,Шенталинский район,Куйбышевский область,"54.292666,51.559500",(HP)
Mdf:Sučk,?село,x,koldajə̑s,Sutschkino,x,x,mdf:Mixed,Колдаис,x,x,"53.076500, 45.546157",(HP)
Myv:SŠant,село,stepnoj šantala,x,Stepnaja Schantala,x,x,myv:Mixed,Степная Шентала,x,x,"54.311692, 50.328572",(HP)
Myv:Ta,село,x,x,Tajaba,Tetjuschi,Kasan,myv:X,Большая Таяба:Малая Таяба:Таяба,x,x,"55.242417, 47.918733|55.217876, 47.962230|?54.571214, 51.318533",(HP)
Mdf:Tamb,губерня,x,x,x,x,x,mdf:W|mdf:C|mdf:M,x,Беднодемьяновский район|Атюрьевский район|Зубово-Полянский район|Темниковский район|Торбеевский район,Пензенская область|Мордовской АССР,"52.720833, 41.452222",(HP)
Myv:Tamb,губерня,x,x,x,x,x,myv:Mixed,x,Теньгушевский и (частично) Торбеевский районы,Мордовской АССР,"52.720833, 41.452222",(HP)
Myv:PO_Tarasovka,деревня,x,x,x,x,x,myv:X,Тарасовка,Камешкирский район, Пензенская область,"52.769677, 45.936349",x
Myv:Tel,село,Вазвеле,x,Teljatnikowo,Chwalynsk,Saratowo,myv:X,Телятниково,x,x,"53.009167,47.257833",(HP)
Myv:Temjaš,село,x,x,x,x,x,myv:mfd|C,Темяшево,x,x,"54.525938, 44.615925",(HP)
Mdf:Temn,район,x,x,x,x,x,mdf:C,x,x,x,"54.633333, 43.216667",(HP)
Myv:Temn,район,x,x,x,x,x,myv:Mixed,x,x,x,"54.633333, 43.216667",(HP)
Mdf:Ter,село,x,Сире Терезморга,x,x,x,mdf:C,Старая Теризморга,x,x,"54.258617, 44.534025",(HP)
Mdf:Tet,район,x,x,x,x,x,mdf:X,x,Тетюшский район,Татарская АССР,"54.938611, 48.828333",(HP)
Myv:Turch,село,x,x,Turchanka,östl. Buguruslan,Samara,myv:X,Турхановка:Григорьевка,x,x,"53.761657, 52.462026|53.719420, 53.054959",(HP)
Myv:Ufa,губерня,x,x,x,x,x,myv:X,(частично) Башкирская АССР и Оренбургская область,x,x,"54.733333, 55.966667",(HP)
Myv:NNO_Ûmorga,село,imorgo,x,x,x,x,myv:X,Юморга,Пильнинский район,Горьковская область,"55.491111, 45.808056",(Надькин_1968)
Mdf:Ur,село,x,x,Urjum,Tetjuschi,Kasan,mdf:Mixed,Урюм,Тетюшский район,Татарская АССР,"54.772593, 48.758191",(HP)
Myv:Usa,?село,x,x,Usa,Saratow,Saratow,myv:Mixed,Усть-Уза,Усть-Узинский район,Пензенская область,"52.968581, 45.307753",(HP)
Myv:VVr,село,ińeĺej,x,Weliki Wrag,Arsamas,Nishni-Nowgorod,myv:NW,Великий Враг,Шатковский район,Горьковская область,"55.255883, 44.520649",(HP)
Myv:Vač,село,x,x,x,x,x,myv:Mixed,Вачелай,x,x,"53.375916, 46.186350",(HP)
Myv:NNO_Vâzovka,деревня,Anikova,x,x,x,x,myv:X,Вязовка,Сергачский район,Горьковская область,"55.458056, 45.669444",(Надькин_1968)
Mdf:Vel,село,x,Вада велезем веле,x,x,x,mdf:W,Вадовские Селищи,x,x,"54.276889, 42.640017",(HP)
Mdf:Vert,село,x,x,x,x,x,mdf:C,Вертелим,x,x,"54.476615, 44.524683",(HP)
Myv:Vez,деревня,x,x,Wjasowka,Bugulma,Samara,myv:X,Вязовка,Шенталинский район,Куйбышевский область,"54.323999,51.652667",(HP)
Myv:Večk,село,Вечкань веле,x,Wetschkanowo,Buguruslan,Samara,myv:X,Старое Вечканово,x,x,"54.079646, 51.731695",(HP)
Myv:Večkus,село,x,x,x,x,x,myv:NW,Вечкусово,x,x,"55.261700, 44.452952",(HP)
Mdf:Vod,село,x,x,x,x,x,mdf:Mixed,Водолей,x,x,"53.278939, 45.997740",(HP)
Myv:VrKatm,деревня,x,x,x,x,x,myv:Mixed,Верхний Катмис,Pensa,x,"53.396410, 46.078364",(HP)
Mdf:MR_Zajcevo,село,x,Зайця,x,x,x,mdf:X,Зайцево,Краснослободский район,Мордовская АССР,"54.271333, 43.671000",x
Myv:NNO_Zimnâk,x,x,x,x,x,x,myv:X,Зимняк,Сергачский район,Горьковская область,"55.479616, 45.663534",(Надькин_1968)
Myv:BR_Fëdorovka,село,x,x,x,x,x,myv:X,Фёдоровка,Фёдоровский район,Башкортостан,"53.178806, 55.185861",(Биушкин_1968)
Myv:BR_Ilinovka,село,x,x,x,x,x,myv:X,Ильиновка,Фёдоровский район,Башкортостан,"53.2275, 54.943889",(Биушкин_1968)
Myv:BR_Mixajlovka,село,x,x,x,x,x,myv:X,Михайловка,Фёдоровский район,Башкортостан,"52.930444, 55.296389",(Биушкин_1968)
Myv:BR_Alëškino,село,x,x,x,x,x,myv:X,Алёшкино,Фёдоровский район,Башкортостан,"53.163889, 55.014167",(Биушкин_1968)
Myv:BR_Gumbetovo,деревня,x,x,x,x,x,myv:X,Гумбетово,Фёдоровский район,Башкортостан,"53.192778, 55.396389",(Биушкин_1968)
Myv:BR_Verxnij_Alyštan,деревня,x,x,x,x,x,myv:X,Верхний Алыштан,Фёдоровский район,Башкортостан,"53.293333, 55.136111",(Биушкин_1968)
Myv:BR_Nižnij_Alyštan,село,x,x,x,x,x,myv:X,Нижний Алыштан,Фёдоровский район,Башкортостан,"53.305056, 55.174917",(Биушкин_1968)
Myv:BR_Podlesnyj,хутор,x,x,x,x,x,myv:X,Подлесный,Фёдоровский район,Башкортостан,"53.293, 55.1095",(Биушкин_1968)
Mdf:BR_Kuzminovka,село,x,x,x,x,x,mdf:X,Кузьминовка,Фёдоровский район,Башкортостан,"53.203611, 55.243889",(Биушкин_1968)
Mdf:Šad,село,x,x,Schadym,x,x,mdf:SE,Шадым,x,x,"53.900719, 44.044398",(HP)
Mdf:Šajg,село,x,śiŕə šäjgav,Schaigowo,x,x,mdf:C,Старое Шайгово,x,x,"54.304085, 44.468358",(HP)
Myv:NNO_Šandrovo,село,x,x,x,x,x,myv:X,Шандрово,Лукояновский район,Горьковская область,"55.012207, 44.30729",(Надькин_1968)
Myv:Čamz,рп.,Чаунза,x,Tschamsinka,Ardatow,Simbirsk,myv:C,Чамзинка,Чамзинский район,Мордовская АССР,"54.404336, 45.782055",(HP)
Mdf:Čer,село,x,x,Festung Tscheremschan,Tscheremschan,x,mdf:X,x,x,x,"54.654699, 51.505616",(HP)
Myv:Čer,село,x,x,Festung Tscheremschan,x,x,myv:C,Черемшан,Черемшанский район,Татарская АССР,"54.654699, 51.505616",(HP)
Myv:Šest,село,Шестайвеле,x,Schestaikino,Buguruslan,Samara,myv:X,x,x,x,"53.769833,52.576833",(HP)
Myv:Šir,село,širomaz,x,Schiromassowo,x,x,myv:Mixed,Широмасово,x,x,"54.708347, 42.533082",(HP|Якушкин_1963)
Myv:Škud,село,x,x,Schkudim,x,x,myv:Mixed,Шкудим,x,x,"53.373729, 46.443035",(HP)
Myv:Šokša,село,šokš,x,Schokscha,x,x,myv:Mixed,Шокша,x,x,"54.769991, 42.520874",(HP|Якушкин_1963)
Myv:Šug,село,Чугорвеле,x,Schugurowo,Gorodischtsche,Pensa,myv:X,Шугурово,x,x,"53.410985, 46.474260",(HP)
Myv:Ščuk,село,x,x,Schtschukino,x,x,myv:Mixed,Щукино,x,x,"53.446738, 46.381617",(HP)
Myv:MR_Simkino,село,x,x,x,x,x,myv:SE,Симкино,Большеберезниковский район,Республика Мордовия,"54.255, 46.172",(Цыганкин_1961|Цыганкин_1963)
Myv:MR_Čornaâ_Promza,село,Ало веле,x,x,x,x,myv:SE,Чёрная Промза,Большеберезниковский район,Республика Мордовия,"54.280118, 46.249383",(Цыганкин_1961|Цыганкин_1963)
Myv:MR_Šurgurovo,село,x,x,x,x,x,myv:SE,Шугурово,Большеберезниковский район,Республика Мордовия,"54.268207, 46.100044",(Цыганкин_1961|Цыганкин_1963)
Myv:MR_Parakino,село,x,x,x,x,x,myv:SE,Паракино,Большеберезниковский район,Республика Мордовия,"54.3, 46.2",(Цыганкин_1961|Цыганкин_1963)
Myv:MR_Buzaevo,село,x,x,x,x,x,myv:SE,Бузаево,Большеберезниковский район,Республика Мордовия,"54.325367, 46.162949",(Цыганкин_1961|Цыганкин_1963)
Myv:MR_Permisi,село,Пермезь,x,x,x,x,myv:SE,Пермиси,Большеберезниковский район,Республика Мордовия,"54.1, 45.816667",(Цыганкин_1961|Цыганкин_1963)
Myv:MR_Kačelaj,село,Кацялай,x,x,x,x,myv:SE,Качелай,Кочкуровский район,Республика Мордовия,"53.932778, 45.668889",(Цыганкин_1963|Объедкин_1963)
Myv:MR_Vejsè,посёлок,x,x,x,x,x,myv:SE,Вейсэ,Большеберезниковский район,Республика Мордовия,"54.233333, 46.131667",(Цыганкин_1961)
Myv:MR_Âsnaâ_Polâna,посёлок,x,x,x,x,x,myv:SE,Ясная Поляна,Большеберезниковский район,Республика Мордовия,"54.0762, 37.526286",(Цыганкин_1961)
Myv:MR_Čukaly,село,x,x,x,x,x,myv:NW,Чукалы,Ардатовский район,Республика Мордовия,"54.714951, 46.291838",(Марков_1961)
Myv:MR_Ardatov_Nizovka,село,x,x,x,x,x,myv:NW,Низовка,Ардатовский район,Республика Мордовия,"54.76, 46.31",(Марков_1961)
Myv:MR_Kelvâdin,сельское поселение,x,x,x,x,x,myv:NW,Кельвядин,Ардатовский район,Республика Мордовия,"54.700001, 46.333332",(Марков_1961)
Myv:MR_Kučenäevo,село,x,x,x,x,x,myv:NW,Кученяево,Ардатовский район,Республика Мордовия,"54.729262, 46.385535",(Марков_1961)
Myv:MR_Piksâsy,село,x,x,x,x,x,myv:NW,Пиксясы,Атяшевский район,Республика Мордовия,"54.655, 46.307",(Марков_1961)
Myv:MR_Dûrki,село,x,x,x,x,x,myv:NW,Дюрки,Атяшевский район,Республика Мордовия,"54.647732, 46.367663",(Марков_1961)
Myv:MR_Alovo,село,x,x,x,x,x,myv:NW,Алово,Атяшевский район,Республика Мордовия,"54.632222, 46.362778",(Марков_1961)
Myv:MR_Mordovskoe_Davydovo,село,x,x,x,x,x,myv:SE,Мордовское Давыдово,Кочкуровский район,Республика Мордовия,"53.972072, 45.732754",(Объедкин_1963|Цыганкин_1963)
Myv:MR_BIgnatovo_BIgnatovo,село,Игнадвеле,x,x,x,x,myv:NW,Большое Игнатово,Большеигнатовский район,Республика Мордовия,"55.0175, 45.575556",(Давыдов_1963)
Myv:MR_BIgnatovo_BIgnatovo,село,Чукало,x,x,x,x,myv:NW,Чукалы,Большеигнатовский район,Республика Мордовия,"55.039612, 45.517153",(Давыдов_1963)
Myv:MR_BIgnatovo_BIgnatovo,село,Андревеле,x,x,x,x,myv:NW,Андреевка,Большеигнатовский район,Республика Мордовия,"55.096667, 45.555833",(Давыдов_1963)
Myv:MR_BIgnatovo_BIgnatovo,село,Ташто Кшуманця,x,x,x,x,myv:NW,Ст. Качаево,Большеигнатовский район,Республика Мордовия,"55.017005, 45.587217",(Давыдов_1963)
Myv:MR_BIgnatovo_BIgnatovo,село,Ташто Чамза,x,x,x,x,myv:NW,Ст. Чамзино,Большеигнатовский район,Республика Мордовия,"55.06, 45.62",(Давыдов_1963)
Myv:MR_BIgnatovo_BIgnatovo,село,Оржаньбиё,x,x,x,x,myv:NW,Аржадеево,Большеигнатовский район,Республика Мордовия,"55.111139, 45.619027",(Давыдов_1963)
Myv:MR_BIgnatovo_Vasilevka,село,Васильевка,x,x,x,x,myv:NW,Васильевка,Большеигнатовский район,Республика Мордовия,"55.254757, 45.687584",(Давыдов_1963)
Myv:MR_BIgnatovo_Mixajlovka,село,Кочкарёвка,x,x,x,x,myv:NW,Михайловка,Большеигнатовский район,Республика Мордовия,"55.267816, 45.706467",(Давыдов_1963)
Myv:MR_BIgnatovo_Novoselki,село,x,x,x,x,x,myv:NW,Новоселки,Большеигнатовский район,Республика Мордовия,"55.268353, 45.725522",(Давыдов_1963)
Myv:MR_BIgnatovo_Elizavetion,село,Собачоавка,x,x,x,x,myv:NW,Елизаветино,Большеигнатовский район,Республика Мордовия,"55.249229, 45.728611",(Давыдов_1963)
Myv:NNO_Salganskij_Levašovka,село,Левашовка,x,x,x,x,myv:NW,Левашовка,Салганский район,Горьковская область,"55.865637, 45.931813",(Давыдов_1963)
Mdf:MR_Zubupolânskij_NBadikovo,село,x,Од Байдеку,x,x,x,mdf:X,Новое Бадиково,Зубово-Полянский район,Республика Мордовия,"53.794404, 42.738853",(Деваев_1963)
Mdf:MR_Zubupolânskij_StBadikovo,село,x,Сире Байдеку,x,x,x,mdf:X,Старое Бадиково,Зубово-Полянский район,Республика Мордовия,"53.84, 42.7",(Деваев_1963)
Mdf:MR_Zubupolânskij_Zhukovka,село,x,Жуковку,x,x,x,mdf:X,Жуковка,Зубово-Полянский район,Республика Мордовия,"53.874903, 42.72607",(Деваев_1963)
Mdf:MR_Zubupolânskij_MordovskaâPolâna,село,x,Кужа,x,x,x,mdf:X,Мордовская Поляна,Зубово-Полянский район,Республика Мордовия,"53.957062, 42.832344",(Деваев_1963)
Mdf:MR_Zubupolânskij_Buldyginoo,село,x,Од Байдеку,x,x,x,mdf:X,Булдыгино,Зубово-Полянский район,Республика Мордовия,"53.892834, 42.874152",(Деваев_1963)
Mdf:MR_Zubupolânskij_Ačadovo,село,x,Оцяду,x,x,x,mdf:X,Ачадово,Зубово-Полянский район,Республика Мордовия,"53.908944, 43.003012",(Деваев_1963)
Mdf:MR_Zubupolânskij_Pičpanda,село,x,Пичпанда,x,x,x,mdf:X,Пичпанда,Зубово-Полянский район,Республика Мордовия,"53.873, 42.965",(Деваев_1963)
Mdf:MR_Zubupolânskij_Ačad_Krûkovka,селское поселение,x,Од Байдеку,x,x,x,mdf:X,Крюковка,Зубово-Полянский район,Республика Мордовия,"53.914475, 42.984896",(Деваев_1963)
Mdf:MR_Zubupolânskij_TarxanskaâPotma,село,x,Потманя,x,x,x,mdf:X,Тарханская Потьма,Зубово-Полянский район,Республика Мордовия,"53.930422, 42.975575",(Деваев_1963)
Mdf:MR_Zubupolânskij_Zarubkino,село,x,Заропка,x,x,x,mdf:X,Зарубкино,Зубово-Полянский район,Республика Мордовия,"53.969722, 43.001389",(Деваев_1963)
Mdf:MR_Zubupolânskij_Pokrovskie_Selishchi,село,x,Велезем,x,x,x,mdf:X,Покровские Селищи,Зубово-Полянский район,Республика Мордовия,"53.995775, 43.001731",(Деваев_1963)
Mdf:MR_Zubupolânskij_NVyselki,село,x,Бзновка,x,x,x,mdf:X,Новые Выселки,Зубово-Полянский район,Республика Мордовия,"54.003023, 42.96858",(Деваев_1963)
Mdf:MR_Zubupolânskij_Sbrodovka,деревня,x,x,x,x,x,mdf:X,Сбродовка,Зубово-Полянский район,Республика Мордовия,"_",(Деваев_1963)
Mdf:MR_Zubupolânskij_NPotma,село,x,Од Потма,x,x,x,mdf:X,Новая Потьма,Зубово-Полянский район,Республика Мордовия,"54.04, 42.98",(Деваев_1963)
Mdf:MR_Zubupolânskij_StPotma,село,x,Сире Потма,x,x,x,mdf:X,Старая Потьма,Зубово-Полянский район,Республика Мордовия,"54.053353, 42.996648",(Деваев_1963)
